SET FOREIGN_KEY_CHECKS = 0;

-- Insert BusTypes
INSERT INTO BusTypes (TypeName, Capacity) VALUES
('Standard', 40),
('Deluxe', 35),
('Premium', 30),
('Luxury', 25),
('Mini Bus', 20),
('Sleeper', 40),
('AC Sleeper', 35),
('Non-AC', 45),
('AC Deluxe', 30),
('Executive', 25),
('Business Class', 20),
('Economy', 50),
('First Class', 30),
('VIP', 20),
('Express', 45),
('Local', 40),
('Intercity', 35),
('Long Distance', 30),
('Short Distance', 45),
('City Service', 40),
('Tourist', 35),
('Charter', 30),
('School Bus', 50),
('Shuttle', 25),
('Airport Shuttle', 20),
('Hotel Shuttle', 25),
('Corporate', 30),
('Wedding', 35),
('Party', 40),
('Event', 45),
('Tour', 30),
('Safari', 25),
('Adventure', 20),
('Camping', 35),
('Expedition', 30),
('Sightseeing', 25),
('Heritage', 20),
('Cultural', 35),
('Religious', 40),
('Pilgrimage', 45),
('Medical', 30),
('Ambulance', 20),
('Cargo', 25),
('Freight', 30),
('Logistics', 35),
('Distribution', 40),
('Transport', 45),
('Delivery', 30),
('Service', 25),
('Maintenance', 20);

-- Insert Users
INSERT INTO Users (Name, Email, PhoneNumber, Password, Role) VALUES
('John Doe', 'john.doe@example.com', '9876543210', 'password123', 'Passenger'),
('Jane Smith', 'jane.smith@example.com', '9876543211', 'password456', 'Passenger'),
('Bob Johnson', 'bob.johnson@example.com', '9876543212', 'password789', 'BusOperator'),
('Alice Brown', 'alice.brown@example.com', '9876543213', 'password101', 'Driver'),
('Charlie Wilson', 'charlie.wilson@example.com', '9876543214', 'password202', 'Passenger'),
('Diana Miller', 'diana.miller@example.com', '9876543215', 'password303', 'BusOperator'),
('Edward Davis', 'edward.davis@example.com', '9876543216', 'password404', 'Driver'),
('Fiona Garcia', 'fiona.garcia@example.com', '9876543217', 'password505', 'Passenger'),
('George Martinez', 'george.martinez@example.com', '9876543218', 'password606', 'BusOperator'),
('Hannah Lee', 'hannah.lee@example.com', '9876543219', 'password707', 'Driver'),
('Ian Taylor', 'ian.taylor@example.com', '9876543220', 'password808', 'Passenger'),
('Julia Anderson', 'julia.anderson@example.com', '9876543221', 'password909', 'BusOperator'),
('Kevin Thomas', 'kevin.thomas@example.com', '9876543222', 'password010', 'Driver'),
('Laura Jackson', 'laura.jackson@example.com', '9876543223', 'password111', 'Passenger'),
('Mike White', 'mike.white@example.com', '9876543224', 'password212', 'BusOperator'),
('Nancy Harris', 'nancy.harris@example.com', '9876543225', 'password313', 'Driver'),
('Oscar Clark', 'oscar.clark@example.com', '9876543226', 'password414', 'Passenger'),
('Patricia Lewis', 'patricia.lewis@example.com', '9876543227', 'password515', 'BusOperator'),
('Quinn Walker', 'quinn.walker@example.com', '9876543228', 'password616', 'Driver'),
('Rachel Hall', 'rachel.hall@example.com', '9876543229', 'password717', 'Passenger'),
('Sam Young', 'sam.young@example.com', '9876543230', 'password818', 'BusOperator'),
('Tina Allen', 'tina.allen@example.com', '9876543231', 'password919', 'Driver'),
('Ulysses King', 'ulysses.king@example.com', '9876543232', 'password020', 'Passenger'),
('Vera Wright', 'vera.wright@example.com', '9876543233', 'password121', 'BusOperator'),
('Walter Scott', 'walter.scott@example.com', '9876543234', 'password222', 'Driver'),
('Xena Green', 'xena.green@example.com', '9876543235', 'password323', 'Passenger'),
('Yvonne Baker', 'yvonne.baker@example.com', '9876543236', 'password424', 'BusOperator'),
('Zack Adams', 'zack.adams@example.com', '9876543237', 'password525', 'Driver'),
('Amy Nelson', 'amy.nelson@example.com', '9876543238', 'password626', 'Passenger'),
('Ben Carter', 'ben.carter@example.com', '9876543239', 'password727', 'BusOperator'),
('Cathy Mitchell', 'cathy.mitchell@example.com', '9876543240', 'password828', 'Driver'),
('Dave Perez', 'dave.perez@example.com', '9876543241', 'password929', 'Passenger'),
('Eva Roberts', 'eva.roberts@example.com', '9876543242', 'password030', 'BusOperator'),
('Frank Turner', 'frank.turner@example.com', '9876543243', 'password131', 'Driver'),
('Gina Phillips', 'gina.phillips@example.com', '9876543244', 'password232', 'Passenger'),
('Henry Campbell', 'henry.campbell@example.com', '9876543245', 'password333', 'BusOperator'),
('Iris Parker', 'iris.parker@example.com', '9876543246', 'password434', 'Driver'),
('Jack Evans', 'jack.evans@example.com', '9876543247', 'password535', 'Passenger'),
('Kelly Edwards', 'kelly.edwards@example.com', '9876543248', 'password636', 'BusOperator'),
('Larry Collins', 'larry.collins@example.com', '9876543249', 'password737', 'Driver'),
('Mona Stewart', 'mona.stewart@example.com', '9876543250', 'password838', 'Passenger'),
('Neil Morris', 'neil.morris@example.com', '9876543251', 'password939', 'BusOperator'),
('Olive Rogers', 'olive.rogers@example.com', '9876543252', 'password040', 'Driver'),
('Peter Cook', 'peter.cook@example.com', '9876543253', 'password141', 'Passenger'),
('Quincy Morgan', 'quincy.morgan@example.com', '9876543254', 'password242', 'BusOperator'),
('Rita Bell', 'rita.bell@example.com', '9876543255', 'password343', 'Driver'),
('Steve Murphy', 'steve.murphy@example.com', '9876543256', 'password444', 'Passenger'),
('Tracy Bailey', 'tracy.bailey@example.com', '9876543257', 'password545', 'BusOperator'),
('Ursula Reed', 'ursula.reed@example.com', '9876543258', 'password646', 'Driver');

-- Insert Buses
INSERT INTO Buses (BusNumber, BusTypeID, OperatorID) VALUES
('TN01A1234', 1, 3),
('TN01A1235', 2, 6),
('TN01A1236', 3, 9),
('TN01A1237', 4, 12),
('TN01A1238', 5, 15),
('TN01A1239', 6, 18),
('TN01A1240', 7, 21),
('TN01A1241', 8, 24),
('TN01A1242', 9, 27),
('TN01A1243', 10, 30),
('TN01A1244', 11, 33),
('TN01A1245', 12, 36),
('TN01A1246', 13, 39),
('TN01A1247', 14, 42),
('TN01A1248', 15, 45),
('TN01A1249', 16, 48),
('TN01A1250', 17, 3),
('TN01A1251', 18, 6),
('TN01A1252', 19, 9),
('TN01A1253', 20, 12),
('TN01A1254', 21, 15),
('TN01A1255', 22, 18),
('TN01A1256', 23, 21),
('TN01A1257', 24, 24),
('TN01A1258', 25, 27),
('TN01A1259', 26, 30),
('TN01A1260', 27, 33),
('TN01A1261', 28, 36),
('TN01A1262', 29, 39),
('TN01A1263', 30, 42),
('TN01A1264', 31, 45),
('TN01A1265', 32, 48),
('TN01A1266', 33, 3),
('TN01A1267', 34, 6),
('TN01A1268', 35, 9),
('TN01A1269', 36, 12),
('TN01A1270', 37, 15),
('TN01A1271', 38, 18),
('TN01A1272', 39, 21),
('TN01A1273', 40, 24),
('TN01A1274', 41, 27),
('TN01A1275', 42, 30),
('TN01A1276', 43, 33),
('TN01A1277', 44, 36),
('TN01A1278', 45, 39),
('TN01A1279', 46, 42),
('TN01A1280', 47, 45),
('TN01A1281', 48, 48),
('TN01A1282', 49, 3),
('TN01A1283', 50, 6);

-- Insert Cities
INSERT INTO Cities (CityName, State, Country) VALUES
('Chennai', 'Tamil Nadu', 'India'),
('Coimbatore', 'Tamil Nadu', 'India'),
('Madurai', 'Tamil Nadu', 'India'),
('Salem', 'Tamil Nadu', 'India'),
('Tiruchirappalli', 'Tamil Nadu', 'India'),
('Tirunelveli', 'Tamil Nadu', 'India'),
('Tiruppur', 'Tamil Nadu', 'India'),
('Erode', 'Tamil Nadu', 'India'),
('Vellore', 'Tamil Nadu', 'India'),
('Thoothukudi', 'Tamil Nadu', 'India'),
('Dindigul', 'Tamil Nadu', 'India'),
('Thanjavur', 'Tamil Nadu', 'India'),
('Hosur', 'Tamil Nadu', 'India'),
('Nagercoil', 'Tamil Nadu', 'India'),
('Kanchipuram', 'Tamil Nadu', 'India'),
('Kumbakonam', 'Tamil Nadu', 'India'),
('Tiruvannamalai', 'Tamil Nadu', 'India'),
('Pollachi', 'Tamil Nadu', 'India'),
('Rajapalayam', 'Tamil Nadu', 'India'),
('Sivakasi', 'Tamil Nadu', 'India'),
('Pudukkottai', 'Tamil Nadu', 'India'),
('Neyveli', 'Tamil Nadu', 'India'),
('Nagapattinam', 'Tamil Nadu', 'India'),
('Karaikudi', 'Tamil Nadu', 'India'),
('Tiruvallur', 'Tamil Nadu', 'India'),
('Ambattur', 'Tamil Nadu', 'India'),
('Avadi', 'Tamil Nadu', 'India'),
('Tambaram', 'Tamil Nadu', 'India'),
('Pallavaram', 'Tamil Nadu', 'India'),
('Alandur', 'Tamil Nadu', 'India'),
('Mannargudi', 'Tamil Nadu', 'India'),
('Gudiyatham', 'Tamil Nadu', 'India'),
('Ambur', 'Tamil Nadu', 'India'),
('Vaniyambadi', 'Tamil Nadu', 'India'),
('Tirupattur', 'Tamil Nadu', 'India'),
('Krishnagiri', 'Tamil Nadu', 'India'),
('Dharmapuri', 'Tamil Nadu', 'India'),
('Hosur', 'Tamil Nadu', 'India'),
('Kumbakonam', 'Tamil Nadu', 'India'),
('Mayiladuthurai', 'Tamil Nadu', 'India'),
('Nagapattinam', 'Tamil Nadu', 'India'),
('Karaikal', 'Puducherry', 'India'),
('Pondicherry', 'Puducherry', 'India'),
('Villupuram', 'Tamil Nadu', 'India'),
('Cuddalore', 'Tamil Nadu', 'India'),
('Chidambaram', 'Tamil Nadu', 'India'),
('Tiruvannamalai', 'Tamil Nadu', 'India'),
('Vellore', 'Tamil Nadu', 'India'),
('Kanchipuram', 'Tamil Nadu', 'India'),
('Chengalpattu', 'Tamil Nadu', 'India');

-- Insert Routes
INSERT INTO Routes (SourceCityID, DestinationCityID, Distance, EstimatedTime) VALUES
(1, 2, 500, '08:00:00'),
(2, 3, 450, '07:30:00'),
(3, 4, 400, '07:00:00'),
(4, 5, 350, '06:30:00'),
(5, 6, 300, '06:00:00'),
(6, 7, 250, '05:30:00'),
(7, 8, 200, '05:00:00'),
(8, 9, 150, '04:30:00'),
(9, 10, 100, '04:00:00'),
(10, 11, 90, '03:45:00'),
(11, 12, 80, '03:30:00'),
(12, 13, 70, '03:15:00'),
(13, 14, 60, '03:00:00'),
(14, 15, 50, '02:45:00'),
(15, 16, 40, '02:30:00'),
(16, 17, 30, '02:15:00'),
(17, 18, 20, '02:00:00'),
(18, 19, 15, '01:45:00'),
(19, 20, 10, '01:30:00'),
(20, 21, 5, '01:15:00'),
(21, 22, 4, '01:00:00'),
(22, 23, 3, '00:45:00'),
(23, 24, 2, '00:30:00'),
(24, 25, 1, '00:15:00'),
(25, 26, 2, '00:30:00'),
(26, 27, 3, '00:45:00'),
(27, 28, 4, '01:00:00'),
(28, 29, 5, '01:15:00'),
(29, 30, 10, '01:30:00'),
(30, 31, 15, '01:45:00'),
(31, 32, 20, '02:00:00'),
(32, 33, 25, '02:15:00'),
(33, 34, 30, '02:30:00'),
(34, 35, 35, '02:45:00'),
(35, 36, 40, '03:00:00'),
(36, 37, 45, '03:15:00'),
(37, 38, 50, '03:30:00'),
(38, 39, 55, '03:45:00'),
(39, 40, 60, '04:00:00'),
(40, 41, 65, '04:15:00'),
(41, 42, 70, '04:30:00'),
(42, 43, 75, '04:45:00'),
(43, 44, 80, '05:00:00'),
(44, 45, 85, '05:15:00'),
(45, 46, 90, '05:30:00'),
(46, 47, 95, '05:45:00'),
(47, 48, 100, '06:00:00'),
(48, 49, 105, '06:15:00'),
(49, 50, 110, '06:30:00'),
(50, 1, 115, '06:45:00');

-- Insert BusIdentifiers
INSERT INTO BusIdentifiers (BusNumber, BusID, RegistrationDate) VALUES
('TN01A1234', 1, '2024-01-01'),
('TN01A1235', 2, '2024-01-02'),
('TN01A1236', 3, '2024-01-03'),
('TN01A1237', 4, '2024-01-04'),
('TN01A1238', 5, '2024-01-05'),
('TN01A1239', 6, '2024-01-06'),
('TN01A1240', 7, '2024-01-07'),
('TN01A1241', 8, '2024-01-08'),
('TN01A1242', 9, '2024-01-09'),
('TN01A1243', 10, '2024-01-10'),
('TN01A1244', 11, '2024-01-11'),
('TN01A1245', 12, '2024-01-12'),
('TN01A1246', 13, '2024-01-13'),
('TN01A1247', 14, '2024-01-14'),
('TN01A1248', 15, '2024-01-15'),
('TN01A1249', 16, '2024-01-16'),
('TN01A1250', 17, '2024-01-17'),
('TN01A1251', 18, '2024-01-18'),
('TN01A1252', 19, '2024-01-19'),
('TN01A1253', 20, '2024-01-20'),
('TN01A1254', 21, '2024-01-21'),
('TN01A1255', 22, '2024-01-22'),
('TN01A1256', 23, '2024-01-23'),
('TN01A1257', 24, '2024-01-24'),
('TN01A1258', 25, '2024-01-25'),
('TN01A1259', 26, '2024-01-26'),
('TN01A1260', 27, '2024-01-27'),
('TN01A1261', 28, '2024-01-28'),
('TN01A1262', 29, '2024-01-29'),
('TN01A1263', 30, '2024-01-30'),
('TN01A1264', 31, '2024-01-31'),
('TN01A1265', 32, '2024-02-01'),
('TN01A1266', 33, '2024-02-02'),
('TN01A1267', 34, '2024-02-03'),
('TN01A1268', 35, '2024-02-04'),
('TN01A1269', 36, '2024-02-05'),
('TN01A1270', 37, '2024-02-06'),
('TN01A1271', 38, '2024-02-07'),
('TN01A1272', 39, '2024-02-08'),
('TN01A1273', 40, '2024-02-09'),
('TN01A1274', 41, '2024-02-10'),
('TN01A1275', 42, '2024-02-11'),
('TN01A1276', 43, '2024-02-12'),
('TN01A1277', 44, '2024-02-13'),
('TN01A1278', 45, '2024-02-14'),
('TN01A1279', 46, '2024-02-15'),
('TN01A1280', 47, '2024-02-16'),
('TN01A1281', 48, '2024-02-17'),
('TN01A1282', 49, '2024-02-18'),
('TN01A1283', 50, '2024-02-19');

-- Insert Drivers
INSERT INTO Drivers (UserID, LicenseNumber, LicenseExpiry, YearsOfExperience) VALUES
(4, 'DL123456', '2025-01-01', 5),
(7, 'DL123457', '2025-02-01', 4),
(10, 'DL123458', '2025-03-01', 6),
(13, 'DL123459', '2025-04-01', 3),
(16, 'DL123460', '2025-05-01', 7),
(19, 'DL123461', '2025-06-01', 5),
(22, 'DL123462', '2025-07-01', 4),
(25, 'DL123463', '2025-08-01', 6),
(28, 'DL123464', '2025-09-01', 3),
(31, 'DL123465', '2025-10-01', 7),
(34, 'DL123466', '2025-11-01', 5),
(37, 'DL123467', '2025-12-01', 4),
(40, 'DL123468', '2026-01-01', 6),
(43, 'DL123469', '2026-02-01', 3),
(46, 'DL123470', '2026-03-01', 7),
(49, 'DL123471', '2026-04-01', 5),
(52, 'DL123472', '2026-05-01', 4),
(55, 'DL123473', '2026-06-01', 6),
(58, 'DL123474', '2026-07-01', 3),
(61, 'DL123475', '2026-08-01', 7),
(64, 'DL123476', '2026-09-01', 5),
(67, 'DL123477', '2026-10-01', 4),
(70, 'DL123478', '2026-11-01', 6),
(73, 'DL123479', '2026-12-01', 3),
(76, 'DL123480', '2027-01-01', 7),
(79, 'DL123481', '2027-02-01', 5),
(82, 'DL123482', '2027-03-01', 4),
(85, 'DL123483', '2027-04-01', 6),
(88, 'DL123484', '2027-05-01', 3),
(91, 'DL123485', '2027-06-01', 7),
(94, 'DL123486', '2027-07-01', 5),
(97, 'DL123487', '2027-08-01', 4),
(100, 'DL123488', '2027-09-01', 6),
(103, 'DL123489', '2027-10-01', 3),
(106, 'DL123490', '2027-11-01', 7),
(109, 'DL123491', '2027-12-01', 5),
(112, 'DL123492', '2028-01-01', 4),
(115, 'DL123493', '2028-02-01', 6),
(118, 'DL123494', '2028-03-01', 3),
(121, 'DL123495', '2028-04-01', 7),
(124, 'DL123496', '2028-05-01', 5),
(127, 'DL123497', '2028-06-01', 4),
(130, 'DL123498', '2028-07-01', 6),
(133, 'DL123499', '2028-08-01', 3),
(136, 'DL123500', '2028-09-01', 7),
(139, 'DL123501', '2028-10-01', 5),
(142, 'DL123502', '2028-11-01', 4),
(145, 'DL123503', '2028-12-01', 6),
(148, 'DL123504', '2029-01-01', 3);

-- Insert DriverRoutes
INSERT INTO DriverRoutes (DriverID, RouteID, ValidFrom, ValidTo) VALUES
(1, 1, '2024-01-01', '2024-12-31'),
(2, 2, '2024-01-02', '2024-12-31'),
(3, 3, '2024-01-03', '2024-12-31'),
(4, 4, '2024-01-04', '2024-12-31'),
(5, 5, '2024-01-05', '2024-12-31'),
(6, 6, '2024-01-06', '2024-12-31'),
(7, 7, '2024-01-07', '2024-12-31'),
(8, 8, '2024-01-08', '2024-12-31'),
(9, 9, '2024-01-09', '2024-12-31'),
(10, 10, '2024-01-10', '2024-12-31'),
(11, 11, '2024-01-11', '2024-12-31'),
(12, 12, '2024-01-12', '2024-12-31'),
(13, 13, '2024-01-13', '2024-12-31'),
(14, 14, '2024-01-14', '2024-12-31'),
(15, 15, '2024-01-15', '2024-12-31'),
(16, 16, '2024-01-16', '2024-12-31'),
(17, 17, '2024-01-17', '2024-12-31'),
(18, 18, '2024-01-18', '2024-12-31'),
(19, 19, '2024-01-19', '2024-12-31'),
(20, 20, '2024-01-20', '2024-12-31'),
(21, 21, '2024-01-21', '2024-12-31'),
(22, 22, '2024-01-22', '2024-12-31'),
(23, 23, '2024-01-23', '2024-12-31'),
(24, 24, '2024-01-24', '2024-12-31'),
(25, 25, '2024-01-25', '2024-12-31'),
(26, 26, '2024-01-26', '2024-12-31'),
(27, 27, '2024-01-27', '2024-12-31'),
(28, 28, '2024-01-28', '2024-12-31'),
(29, 29, '2024-01-29', '2024-12-31'),
(30, 30, '2024-01-30', '2024-12-31'),
(31, 31, '2024-01-31', '2024-12-31'),
(32, 32, '2024-02-01', '2024-12-31'),
(33, 33, '2024-02-02', '2024-12-31'),
(34, 34, '2024-02-03', '2024-12-31'),
(35, 35, '2024-02-04', '2024-12-31'),
(36, 36, '2024-02-05', '2024-12-31'),
(37, 37, '2024-02-06', '2024-12-31'),
(38, 38, '2024-02-07', '2024-12-31'),
(39, 39, '2024-02-08', '2024-12-31'),
(40, 40, '2024-02-09', '2024-12-31'),
(41, 41, '2024-02-10', '2024-12-31'),
(42, 42, '2024-02-11', '2024-12-31'),
(43, 43, '2024-02-12', '2024-12-31'),
(44, 44, '2024-02-13', '2024-12-31'),
(45, 45, '2024-02-14', '2024-12-31'),
(46, 46, '2024-02-15', '2024-12-31'),
(47, 47, '2024-02-16', '2024-12-31'),
(48, 48, '2024-02-17', '2024-12-31'),
(49, 49, '2024-02-18', '2024-12-31'),
(50, 50, '2024-02-19', '2024-12-31');

-- Insert BusDrivers
INSERT INTO BusDrivers (BusID, DriverID, AssignmentDate, IsActive) VALUES
(1, 1, '2024-01-01', TRUE),
(2, 2, '2024-01-02', TRUE),
(3, 3, '2024-01-03', TRUE),
(4, 4, '2024-01-04', TRUE),
(5, 5, '2024-01-05', TRUE),
(6, 6, '2024-01-06', TRUE),
(7, 7, '2024-01-07', TRUE),
(8, 8, '2024-01-08', TRUE),
(9, 9, '2024-01-09', TRUE),
(10, 10, '2024-01-10', TRUE),
(11, 11, '2024-01-11', TRUE),
(12, 12, '2024-01-12', TRUE),
(13, 13, '2024-01-13', TRUE),
(14, 14, '2024-01-14', TRUE),
(15, 15, '2024-01-15', TRUE),
(16, 16, '2024-01-16', TRUE),
(17, 17, '2024-01-17', TRUE),
(18, 18, '2024-01-18', TRUE),
(19, 19, '2024-01-19', TRUE),
(20, 20, '2024-01-20', TRUE),
(21, 21, '2024-01-21', TRUE),
(22, 22, '2024-01-22', TRUE),
(23, 23, '2024-01-23', TRUE),
(24, 24, '2024-01-24', TRUE),
(25, 25, '2024-01-25', TRUE),
(26, 26, '2024-01-26', TRUE),
(27, 27, '2024-01-27', TRUE),
(28, 28, '2024-01-28', TRUE),
(29, 29, '2024-01-29', TRUE),
(30, 30, '2024-01-30', TRUE),
(31, 31, '2024-01-31', TRUE),
(32, 32, '2024-02-01', TRUE),
(33, 33, '2024-02-02', TRUE),
(34, 34, '2024-02-03', TRUE),
(35, 35, '2024-02-04', TRUE),
(36, 36, '2024-02-05', TRUE),
(37, 37, '2024-02-06', TRUE),
(38, 38, '2024-02-07', TRUE),
(39, 39, '2024-02-08', TRUE),
(40, 40, '2024-02-09', TRUE),
(41, 41, '2024-02-10', TRUE),
(42, 42, '2024-02-11', TRUE),
(43, 43, '2024-02-12', TRUE),
(44, 44, '2024-02-13', TRUE),
(45, 45, '2024-02-14', TRUE),
(46, 46, '2024-02-15', TRUE),
(47, 47, '2024-02-16', TRUE),
(48, 48, '2024-02-17', TRUE),
(49, 49, '2024-02-18', TRUE),
(50, 50, '2024-02-19', TRUE);

-- Insert Amenities
INSERT INTO Amenities (AmenityName, Description) VALUES
('WiFi', 'Free WiFi connectivity'),
('USB Charging', 'USB charging ports for each seat'),
('Reading Light', 'Individual reading lights'),
('Air Conditioning', 'Climate controlled environment'),
('Reclining Seats', 'Fully reclining seats'),
('Footrest', 'Adjustable footrests'),
('Headrest', 'Adjustable headrests'),
('Armrest', 'Foldable armrests'),
('Tray Table', 'Foldable tray tables'),
('Water Dispenser', 'Cold and hot water available'),
('Snack Service', 'Complimentary snacks'),
('Blanket', 'Clean blankets provided'),
('Pillow', 'Comfortable pillows'),
('Entertainment System', 'Individual entertainment screens'),
('Music System', 'Ambient music system'),
('LED Lights', 'Energy efficient LED lighting'),
('Curtains', 'Window curtains for privacy'),
('Storage Space', 'Overhead storage compartments'),
('Luggage Rack', 'Under seat luggage space'),
('First Aid Kit', 'Emergency first aid supplies'),
('Fire Extinguisher', 'Safety fire extinguishers'),
('Emergency Exit', 'Clearly marked emergency exits'),
('Wheelchair Access', 'Wheelchair accessible'),
('Baby Changing Station', 'Facility for changing babies'),
('Toilet', 'Clean onboard toilet'),
('Hand Sanitizer', 'Hand sanitizer dispensers'),
('Face Masks', 'Disposable face masks'),
('Gloves', 'Disposable gloves'),
('Temperature Check', 'Regular temperature monitoring'),
('Social Distancing', 'Maintained social distancing'),
('Sanitization', 'Regular sanitization'),
('Ventilation', 'Proper air ventilation'),
('Smoke Detector', 'Smoke detection system'),
('GPS Tracking', 'Real-time GPS tracking'),
('Speed Monitor', 'Speed monitoring system'),
('Driver Camera', 'Driver monitoring camera'),
('Passenger Camera', 'Passenger safety camera'),
('SOS Button', 'Emergency SOS button'),
('Location Sharing', 'Real-time location sharing'),
('Route Display', 'Digital route display'),
('Stop Announcement', 'Automated stop announcements'),
('Delay Updates', 'Real-time delay updates'),
('Weather Updates', 'Weather information display'),
('News Updates', 'Latest news display'),
('Sports Updates', 'Sports scores display'),
('Stock Updates', 'Stock market updates'),
('Currency Rates', 'Currency exchange rates'),
('Tourist Info', 'Tourist information display'),
('Local Guide', 'Local area guide'),
('Language Support', 'Multiple language support');

-- Insert Features
INSERT INTO Features (FeatureName, Description) VALUES
('GPS Navigation', 'Advanced GPS navigation system'),
('Fuel Monitoring', 'Real-time fuel monitoring'),
('Maintenance Alert', 'Automated maintenance alerts'),
('Tire Pressure', 'Tire pressure monitoring'),
('Engine Health', 'Engine health monitoring'),
('Brake System', 'Advanced brake system'),
('Air Suspension', 'Air suspension system'),
('ABS', 'Anti-lock braking system'),
('ESP', 'Electronic stability program'),
('Traction Control', 'Traction control system'),
('Hill Start', 'Hill start assist'),
('Cruise Control', 'Adaptive cruise control'),
('Parking Sensors', 'Parking assistance sensors'),
('Reverse Camera', 'Reverse parking camera'),
('Blind Spot', 'Blind spot detection'),
('Lane Departure', 'Lane departure warning'),
('Collision Warning', 'Forward collision warning'),
('Auto Braking', 'Automatic emergency braking'),
('Night Vision', 'Night vision assistance'),
('Rain Sensor', 'Rain sensing wipers'),
('Light Sensor', 'Automatic headlights'),
('Climate Control', 'Automatic climate control'),
('Keyless Entry', 'Keyless entry system'),
('Push Start', 'Push button start'),
('Power Windows', 'Power operated windows'),
('Power Locks', 'Power door locks'),
('Power Mirrors', 'Power adjustable mirrors'),
('Power Seats', 'Power adjustable seats'),
('Heated Seats', 'Heated seating'),
('Cooled Seats', 'Ventilated seating'),
('Massage Seats', 'Seat massage function'),
('Memory Seats', 'Driver seat memory'),
('Steering Controls', 'Steering wheel controls'),
('Audio System', 'Premium audio system'),
('Bluetooth', 'Bluetooth connectivity'),
('USB Ports', 'Multiple USB ports'),
('HDMI Port', 'HDMI connectivity'),
('WiFi Hotspot', 'Mobile WiFi hotspot'),
('Satellite Radio', 'Satellite radio system'),
('Navigation', 'Built-in navigation'),
('Voice Control', 'Voice command system'),
('Gesture Control', 'Gesture control system'),
('Head-up Display', 'Head-up display'),
('Digital Cluster', 'Digital instrument cluster'),
('Ambient Lighting', 'Ambient interior lighting'),
('Sunroof', 'Power sunroof'),
('Roof Rails', 'Roof rack system'),
('Tow Package', 'Towing capability'),
('All-wheel Drive', 'All-wheel drive system'),
('Differential Lock', 'Differential lock system'),
('Off-road Mode', 'Off-road driving mode'),
('Sport Mode', 'Sport driving mode');

-- Insert BusAmenities
INSERT INTO BusAmenities (BusID, AmenityID) VALUES
(1, 1), (1, 2), (1, 3),
(2, 4), (2, 5), (2, 6),
(3, 7), (3, 8), (3, 9),
(4, 10), (4, 11), (4, 12),
(5, 13), (5, 14), (5, 15),
(6, 16), (6, 17), (6, 18),
(7, 19), (7, 20), (7, 21),
(8, 22), (8, 23), (8, 24),
(9, 25), (9, 26), (9, 27),
(10, 28), (10, 29), (10, 30),
(11, 31), (11, 32), (11, 33),
(12, 34), (12, 35), (12, 36),
(13, 37), (13, 38), (13, 39),
(14, 40), (14, 41), (14, 42),
(15, 43), (15, 44), (15, 45),
(16, 46), (16, 47), (16, 48),
(17, 49), (17, 50), (17, 1),
(18, 2), (18, 3), (18, 4),
(19, 5), (19, 6), (19, 7),
(20, 8), (20, 9), (20, 10),
(21, 11), (21, 12), (21, 13),
(22, 14), (22, 15), (22, 16),
(23, 17), (23, 18), (23, 19),
(24, 20), (24, 21), (24, 22),
(25, 23), (25, 24), (25, 25),
(26, 26), (26, 27), (26, 28),
(27, 29), (27, 30), (27, 31),
(28, 32), (28, 33), (28, 34),
(29, 35), (29, 36), (29, 37),
(30, 38), (30, 39), (30, 40),
(31, 41), (31, 42), (31, 43),
(32, 44), (32, 45), (32, 46),
(33, 47), (33, 48), (33, 49),
(34, 50), (34, 1), (34, 2),
(35, 3), (35, 4), (35, 5),
(36, 6), (36, 7), (36, 8),
(37, 9), (37, 10), (37, 11),
(38, 12), (38, 13), (38, 14),
(39, 15), (39, 16), (39, 17),
(40, 18), (40, 19), (40, 20),
(41, 21), (41, 22), (41, 23),
(42, 24), (42, 25), (42, 26),
(43, 27), (43, 28), (43, 29),
(44, 30), (44, 31), (44, 32),
(45, 33), (45, 34), (45, 35),
(46, 36), (46, 37), (46, 38),
(47, 39), (47, 40), (47, 41),
(48, 42), (48, 43), (48, 44),
(49, 45), (49, 46), (49, 47),
(50, 48), (50, 49), (50, 50);

-- Insert BusFeatures
INSERT INTO BusFeatures (BusID, FeatureID) VALUES
(1, 1), (1, 2), (1, 3),
(2, 4), (2, 5), (2, 6),
(3, 7), (3, 8), (3, 9),
(4, 10), (4, 11), (4, 12),
(5, 13), (5, 14), (5, 15),
(6, 16), (6, 17), (6, 18),
(7, 19), (7, 20), (7, 21),
(8, 22), (8, 23), (8, 24),
(9, 25), (9, 26), (9, 27),
(10, 28), (10, 29), (10, 30),
(11, 31), (11, 32), (11, 33),
(12, 34), (12, 35), (12, 36),
(13, 37), (13, 38), (13, 39),
(14, 40), (14, 41), (14, 42),
(15, 43), (15, 44), (15, 45),
(16, 46), (16, 47), (16, 48),
(17, 49), (17, 50), (17, 1),
(18, 2), (18, 3), (18, 4),
(19, 5), (19, 6), (19, 7),
(20, 8), (20, 9), (20, 10),
(21, 11), (21, 12), (21, 13),
(22, 14), (22, 15), (22, 16),
(23, 17), (23, 18), (23, 19),
(24, 20), (24, 21), (24, 22),
(25, 23), (25, 24), (25, 25),
(26, 26), (26, 27), (26, 28),
(27, 29), (27, 30), (27, 31),
(28, 32), (28, 33), (28, 34),
(29, 35), (29, 36), (29, 37),
(30, 38), (30, 39), (30, 40),
(31, 41), (31, 42), (31, 43),
(32, 44), (32, 45), (32, 46),
(33, 47), (33, 48), (33, 49),
(34, 50), (34, 1), (34, 2),
(35, 3), (35, 4), (35, 5),
(36, 6), (36, 7), (36, 8),
(37, 9), (37, 10), (37, 11),
(38, 12), (38, 13), (38, 14),
(39, 15), (39, 16), (39, 17),
(40, 18), (40, 19), (40, 20),
(41, 21), (41, 22), (41, 23),
(42, 24), (42, 25), (42, 26),
(43, 27), (43, 28), (43, 29),
(44, 30), (44, 31), (44, 32),
(45, 33), (45, 34), (45, 35),
(46, 36), (46, 37), (46, 38),
(47, 39), (47, 40), (47, 41),
(48, 42), (48, 43), (48, 44),
(49, 45), (49, 46), (49, 47),
(50, 48), (50, 49), (50, 50);

-- Insert RouteSegments
INSERT INTO RouteSegments (RouteID, SegmentID, SequenceNumber) VALUES
(1, 1, 1), (1, 2, 2), (1, 3, 3),
(2, 4, 1), (2, 5, 2), (2, 6, 3),
(3, 7, 1), (3, 8, 2), (3, 9, 3),
(4, 10, 1), (4, 11, 2), (4, 12, 3),
(5, 13, 1), (5, 14, 2), (5, 15, 3),
(6, 16, 1), (6, 17, 2), (6, 18, 3),
(7, 19, 1), (7, 20, 2), (7, 21, 3),
(8, 22, 1), (8, 23, 2), (8, 24, 3),
(9, 25, 1), (9, 26, 2), (9, 27, 3),
(10, 28, 1), (10, 29, 2), (10, 30, 3),
(11, 31, 1), (11, 32, 2), (11, 33, 3),
(12, 34, 1), (12, 35, 2), (12, 36, 3),
(13, 37, 1), (13, 38, 2), (13, 39, 3),
(14, 40, 1), (14, 41, 2), (14, 42, 3),
(15, 43, 1), (15, 44, 2), (15, 45, 3),
(16, 46, 1), (16, 47, 2), (16, 48, 3),
(17, 49, 1), (17, 50, 2), (17, 1, 3),
(18, 2, 1), (18, 3, 2), (18, 4, 3),
(19, 5, 1), (19, 6, 2), (19, 7, 3),
(20, 8, 1), (20, 9, 2), (20, 10, 3),
(21, 11, 1), (21, 12, 2), (21, 13, 3),
(22, 14, 1), (22, 15, 2), (22, 16, 3),
(23, 17, 1), (23, 18, 2), (23, 19, 3),
(24, 20, 1), (24, 21, 2), (24, 22, 3),
(25, 23, 1), (25, 24, 2), (25, 25, 3),
(26, 26, 1), (26, 27, 2), (26, 28, 3),
(27, 29, 1), (27, 30, 2), (27, 31, 3),
(28, 32, 1), (28, 33, 2), (28, 34, 3),
(29, 35, 1), (29, 36, 2), (29, 37, 3),
(30, 38, 1), (30, 39, 2), (30, 40, 3),
(31, 41, 1), (31, 42, 2), (31, 43, 3),
(32, 44, 1), (32, 45, 2), (32, 46, 3),
(33, 47, 1), (33, 48, 2), (33, 49, 3),
(34, 50, 1), (34, 1, 2), (34, 2, 3),
(35, 3, 1), (35, 4, 2), (35, 5, 3),
(36, 6, 1), (36, 7, 2), (36, 8, 3),
(37, 9, 1), (37, 10, 2), (37, 11, 3),
(38, 12, 1), (38, 13, 2), (38, 14, 3),
(39, 15, 1), (39, 16, 2), (39, 17, 3),
(40, 18, 1), (40, 19, 2), (40, 20, 3),
(41, 21, 1), (41, 22, 2), (41, 23, 3),
(42, 24, 1), (42, 25, 2), (42, 26, 3),
(43, 27, 1), (43, 28, 2), (43, 29, 3),
(44, 30, 1), (44, 31, 2), (44, 32, 3),
(45, 33, 1), (45, 34, 2), (45, 35, 3),
(46, 36, 1), (46, 37, 2), (46, 38, 3),
(47, 39, 1), (47, 40, 2), (47, 41, 3),
(48, 42, 1), (48, 43, 2), (48, 44, 3),
(49, 45, 1), (49, 46, 2), (49, 47, 3),
(50, 48, 1), (50, 49, 2), (50, 50, 3);

-- Insert SegmentCities
INSERT INTO SegmentCities (SegmentID, CityID) VALUES
(1, 1), (1, 2),
(2, 2), (2, 3),
(3, 3), (3, 4),
(4, 4), (4, 5),
(5, 5), (5, 6),
(6, 6), (6, 7),
(7, 7), (7, 8),
(8, 8), (8, 9),
(9, 9), (9, 10),
(10, 10), (10, 11),
(11, 11), (11, 12),
(12, 12), (12, 13),
(13, 13), (13, 14),
(14, 14), (14, 15),
(15, 15), (15, 16),
(16, 16), (16, 17),
(17, 17), (17, 18),
(18, 18), (18, 19),
(19, 19), (19, 20),
(20, 20), (20, 21),
(21, 21), (21, 22),
(22, 22), (22, 23),
(23, 23), (23, 24),
(24, 24), (24, 25),
(25, 25), (25, 26),
(26, 26), (26, 27),
(27, 27), (27, 28),
(28, 28), (28, 29),
(29, 29), (29, 30),
(30, 30), (30, 31),
(31, 31), (31, 32),
(32, 32), (32, 33),
(33, 33), (33, 34),
(34, 34), (34, 35),
(35, 35), (35, 36),
(36, 36), (36, 37),
(37, 37), (37, 38),
(38, 38), (38, 39),
(39, 39), (39, 40),
(40, 40), (40, 41),
(41, 41), (41, 42),
(42, 42), (42, 43),
(43, 43), (43, 44),
(44, 44), (44, 45),
(45, 45), (45, 46),
(46, 46), (46, 47),
(47, 47), (47, 48),
(48, 48), (48, 49),
(49, 49), (49, 50),
(50, 50), (50, 1);

-- Insert Seats
INSERT INTO Seats (BusID, SeatNumber) VALUES
(1, 'A1'), (1, 'A2'), (1, 'A3'), (1, 'A4'),
(2, 'B1'), (2, 'B2'), (2, 'B3'), (2, 'B4'),
(3, 'C1'), (3, 'C2'), (3, 'C3'), (3, 'C4'),
(4, 'D1'), (4, 'D2'), (4, 'D3'), (4, 'D4'),
(5, 'E1'), (5, 'E2'), (5, 'E3'), (5, 'E4'),
(6, 'F1'), (6, 'F2'), (6, 'F3'), (6, 'F4'),
(7, 'G1'), (7, 'G2'), (7, 'G3'), (7, 'G4'),
(8, 'H1'), (8, 'H2'), (8, 'H3'), (8, 'H4'),
(9, 'I1'), (9, 'I2'), (9, 'I3'), (9, 'I4'),
(10, 'J1'), (10, 'J2'), (10, 'J3'), (10, 'J4'),
(11, 'K1'), (11, 'K2'), (11, 'K3'), (11, 'K4'),
(12, 'L1'), (12, 'L2'), (12, 'L3'), (12, 'L4'),
(13, 'M1'), (13, 'M2'), (13, 'M3'), (13, 'M4'),
(14, 'N1'), (14, 'N2'), (14, 'N3'), (14, 'N4'),
(15, 'O1'), (15, 'O2'), (15, 'O3'), (15, 'O4'),
(16, 'P1'), (16, 'P2'), (16, 'P3'), (16, 'P4'),
(17, 'Q1'), (17, 'Q2'), (17, 'Q3'), (17, 'Q4'),
(18, 'R1'), (18, 'R2'), (18, 'R3'), (18, 'R4'),
(19, 'S1'), (19, 'S2'), (19, 'S3'), (19, 'S4'),
(20, 'T1'), (20, 'T2'), (20, 'T3'), (20, 'T4'),
(21, 'U1'), (21, 'U2'), (21, 'U3'), (21, 'U4'),
(22, 'V1'), (22, 'V2'), (22, 'V3'), (22, 'V4'),
(23, 'W1'), (23, 'W2'), (23, 'W3'), (23, 'W4'),
(24, 'X1'), (24, 'X2'), (24, 'X3'), (24, 'X4'),
(25, 'Y1'), (25, 'Y2'), (25, 'Y3'), (25, 'Y4'),
(26, 'Z1'), (26, 'Z2'), (26, 'Z3'), (26, 'Z4'),
(27, 'AA1'), (27, 'AA2'), (27, 'AA3'), (27, 'AA4'),
(28, 'AB1'), (28, 'AB2'), (28, 'AB3'), (28, 'AB4'),
(29, 'AC1'), (29, 'AC2'), (29, 'AC3'), (29, 'AC4'),
(30, 'AD1'), (30, 'AD2'), (30, 'AD3'), (30, 'AD4'),
(31, 'AE1'), (31, 'AE2'), (31, 'AE3'), (31, 'AE4'),
(32, 'AF1'), (32, 'AF2'), (32, 'AF3'), (32, 'AF4'),
(33, 'AG1'), (33, 'AG2'), (33, 'AG3'), (33, 'AG4'),
(34, 'AH1'), (34, 'AH2'), (34, 'AH3'), (34, 'AH4'),
(35, 'AI1'), (35, 'AI2'), (35, 'AI3'), (35, 'AI4'),
(36, 'AJ1'), (36, 'AJ2'), (36, 'AJ3'), (36, 'AJ4'),
(37, 'AK1'), (37, 'AK2'), (37, 'AK3'), (37, 'AK4'),
(38, 'AL1'), (38, 'AL2'), (38, 'AL3'), (38, 'AL4'),
(39, 'AM1'), (39, 'AM2'), (39, 'AM3'), (39, 'AM4'),
(40, 'AN1'), (40, 'AN2'), (40, 'AN3'), (40, 'AN4'),
(41, 'AO1'), (41, 'AO2'), (41, 'AO3'), (41, 'AO4'),
(42, 'AP1'), (42, 'AP2'), (42, 'AP3'), (42, 'AP4'),
(43, 'AQ1'), (43, 'AQ2'), (43, 'AQ3'), (43, 'AQ4'),
(44, 'AR1'), (44, 'AR2'), (44, 'AR3'), (44, 'AR4'),
(45, 'AS1'), (45, 'AS2'), (45, 'AS3'), (45, 'AS4'),
(46, 'AT1'), (46, 'AT2'), (46, 'AT3'), (46, 'AT4'),
(47, 'AU1'), (47, 'AU2'), (47, 'AU3'), (47, 'AU4'),
(48, 'AV1'), (48, 'AV2'), (48, 'AV3'), (48, 'AV4'),
(49, 'AW1'), (49, 'AW2'), (49, 'AW3'), (49, 'AW4'),
(50, 'AX1'), (50, 'AX2'), (50, 'AX3'), (50, 'AX4');

select * from schedules;


-- Insert Schedules
INSERT INTO Schedules (BusID, RouteID, DepartureTime, ArrivalTime) VALUES
(1, 1, '08:00:00', '16:00:00'),
(2, 2, '09:00:00', '16:30:00'),
(3, 3, '10:00:00', '17:00:00'),
(4, 4, '11:00:00', '17:30:00'),
(5, 5, '12:00:00', '18:00:00'),
(6, 6, '13:00:00', '18:30:00'),
(7, 7, '14:00:00', '19:00:00'),
(8, 8, '15:00:00', '19:30:00'),
(9, 9, '16:00:00', '20:00:00'),
(10, 10, '17:00:00', '20:30:00'),
(11, 11, '18:00:00', '21:00:00'),
(12, 12, '19:00:00', '21:30:00'),
(13, 13, '20:00:00', '22:00:00'),
(14, 14, '21:00:00', '22:30:00'),
(15, 15, '22:00:00', '23:00:00'),
(16, 16, '23:00:00', '23:30:00'),
(17, 17, '00:00:00', '00:30:00'),
(18, 18, '01:00:00', '01:30:00'),
(19, 19, '02:00:00', '02:30:00'),
(20, 20, '03:00:00', '03:30:00'),
(21, 21, '04:00:00', '04:30:00'),
(22, 22, '05:00:00', '05:30:00'),
(23, 23, '06:00:00', '06:30:00'),
(24, 24, '07:00:00', '07:30:00'),
(25, 25, '08:00:00', '08:30:00'),
(26, 26, '09:00:00', '09:30:00'),
(27, 27, '10:00:00', '10:30:00'),
(28, 28, '11:00:00', '11:30:00'),
(29, 29, '12:00:00', '12:30:00'),
(30, 30, '13:00:00', '13:30:00'),
(31, 31, '14:00:00', '14:30:00'),
(32, 32, '15:00:00', '15:30:00'),
(33, 33, '16:00:00', '16:30:00'),
(34, 34, '17:00:00', '17:30:00'),
(35, 35, '18:00:00', '18:30:00'),
(36, 36, '19:00:00', '19:30:00'),
(37, 37, '20:00:00', '20:30:00'),
(38, 38, '21:00:00', '21:30:00'),
(39, 39, '22:00:00', '22:30:00'),
(40, 40, '23:00:00', '23:30:00'),
(41, 41, '00:00:00', '00:30:00'),
(42, 42, '01:00:00', '01:30:00'),
(43, 43, '02:00:00', '02:30:00'),
(44, 44, '03:00:00', '03:30:00'),
(45, 45, '04:00:00', '04:30:00'),
(46, 46, '05:00:00', '05:30:00'),
(47, 47, '06:00:00', '06:30:00'),
(48, 48, '07:00:00', '07:30:00'),
(49, 49, '08:00:00', '08:30:00'),
(50, 50, '09:00:00', '09:30:00');



-- Insert SeatStatus
INSERT INTO SeatStatus (SeatID, ScheduleID, Status) VALUES
(1, 1, 'Available'),
(2, 1, 'Booked'),
(3, 1, 'Available'),
(4, 1, 'Booked'),
(5, 2, 'Available'),
(6, 2, 'Booked'),
(7, 2, 'Available'),
(8, 2, 'Booked'),
(9, 3, 'Available'),
(10, 3, 'Booked'),
(11, 3, 'Available'),
(12, 3, 'Booked'),
(13, 4, 'Available'),
(14, 4, 'Booked'),
(15, 4, 'Available'),
(16, 4, 'Booked'),
(17, 5, 'Available'),
(18, 5, 'Booked'),
(19, 5, 'Available'),
(20, 5, 'Booked'),
(21, 6, 'Available'),
(22, 6, 'Booked'),
(23, 6, 'Available'),
(24, 6, 'Booked'),
(25, 7, 'Available'),
(26, 7, 'Booked'),
(27, 7, 'Available'),
(28, 7, 'Booked'),
(29, 8, 'Available'),
(30, 8, 'Booked'),
(31, 8, 'Available'),
(32, 8, 'Booked'),
(33, 9, 'Available'),
(34, 9, 'Booked'),
(35, 9, 'Available'),
(36, 9, 'Booked'),
(37, 10, 'Available'),
(38, 10, 'Booked'),
(39, 10, 'Available'),
(40, 10, 'Booked'),
(41, 11, 'Available'),
(42, 11, 'Booked'),
(43, 11, 'Available'),
(44, 11, 'Booked'),
(45, 12, 'Available'),
(46, 12, 'Booked'),
(47, 12, 'Available'),
(48, 12, 'Booked'),
(49, 13, 'Available'),
(50, 13, 'Booked'),
(51, 13, 'Available'),
(52, 13, 'Booked'),
(53, 14, 'Available'),
(54, 14, 'Booked'),
(55, 14, 'Available'),
(56, 14, 'Booked'),
(57, 15, 'Available'),
(58, 15, 'Booked'),
(59, 15, 'Available'),
(60, 15, 'Booked'),
(61, 16, 'Available'),
(62, 16, 'Booked'),
(63, 16, 'Available'),
(64, 16, 'Booked'),
(65, 17, 'Available'),
(66, 17, 'Booked'),
(67, 17, 'Available'),
(68, 17, 'Booked'),
(69, 18, 'Available'),
(70, 18, 'Booked'),
(71, 18, 'Available'),
(72, 18, 'Booked'),
(73, 19, 'Available'),
(74, 19, 'Booked'),
(75, 19, 'Available'),
(76, 19, 'Booked'),
(77, 20, 'Available'),
(78, 20, 'Booked'),
(79, 20, 'Available'),
(80, 20, 'Booked'),
(81, 21, 'Available'),
(82, 21, 'Booked'),
(83, 21, 'Available'),
(84, 21, 'Booked'),
(85, 22, 'Available'),
(86, 22, 'Booked'),
(87, 22, 'Available'),
(88, 22, 'Booked'),
(89, 23, 'Available'),
(90, 23, 'Booked'),
(91, 23, 'Available'),
(92, 23, 'Booked'),
(93, 24, 'Available'),
(94, 24, 'Booked'),
(95, 24, 'Available'),
(96, 24, 'Booked'),
(97, 25, 'Available'),
(98, 25, 'Booked'),
(99, 25, 'Available'),
(100, 25, 'Booked'),
(101, 26, 'Available'),
(102, 26, 'Booked'),
(103, 26, 'Available'),
(104, 26, 'Booked'),
(105, 27, 'Available'),
(106, 27, 'Booked'),
(107, 27, 'Available'),
(108, 27, 'Booked'),
(109, 28, 'Available'),
(110, 28, 'Booked'),
(111, 28, 'Available'),
(112, 28, 'Booked'),
(113, 29, 'Available'),
(114, 29, 'Booked'),
(115, 29, 'Available'),
(116, 29, 'Booked'),
(117, 30, 'Available'),
(118, 30, 'Booked'),
(119, 30, 'Available'),
(120, 30, 'Booked'),
(121, 31, 'Available'),
(122, 31, 'Booked'),
(123, 31, 'Available'),
(124, 31, 'Booked'),
(125, 32, 'Available'),
(126, 32, 'Booked'),
(127, 32, 'Available'),
(128, 32, 'Booked'),
(129, 33, 'Available'),
(130, 33, 'Booked'),
(131, 33, 'Available'),
(132, 33, 'Booked'),
(133, 34, 'Available'),
(134, 34, 'Booked'),
(135, 34, 'Available'),
(136, 34, 'Booked'),
(137, 35, 'Available'),
(138, 35, 'Booked'),
(139, 35, 'Available'),
(140, 35, 'Booked'),
(141, 36, 'Available'),
(142, 36, 'Booked'),
(143, 36, 'Available'),
(144, 36, 'Booked'),
(145, 37, 'Available'),
(146, 37, 'Booked'),
(147, 37, 'Available'),
(148, 37, 'Booked'),
(149, 38, 'Available'),
(150, 38, 'Booked'),
(151, 38, 'Available'),
(152, 38, 'Booked'),
(153, 39, 'Available'),
(154, 39, 'Booked'),
(155, 39, 'Available'),
(156, 39, 'Booked'),
(157, 40, 'Available'),
(158, 40, 'Booked'),
(159, 40, 'Available'),
(160, 40, 'Booked'),
(161, 41, 'Available'),
(162, 41, 'Booked'),
(163, 41, 'Available'),
(164, 41, 'Booked'),
(165, 42, 'Available'),
(166, 42, 'Booked'),
(167, 42, 'Available'),
(168, 42, 'Booked'),
(169, 43, 'Available'),
(170, 43, 'Booked'),
(171, 43, 'Available'),
(172, 43, 'Booked'),
(173, 44, 'Available'),
(174, 44, 'Booked'),
(175, 44, 'Available'),
(176, 44, 'Booked'),
(177, 45, 'Available'),
(178, 45, 'Booked'),
(179, 45, 'Available'),
(180, 45, 'Booked'),
(181, 46, 'Available'),
(182, 46, 'Booked'),
(183, 46, 'Available'),
(184, 46, 'Booked'),
(185, 47, 'Available'),
(186, 47, 'Booked'),
(187, 47, 'Available'),
(188, 47, 'Booked'),
(189, 48, 'Available'),
(190, 48, 'Booked'),
(191, 48, 'Available'),
(192, 48, 'Booked'),
(193, 49, 'Available'),
(194, 49, 'Booked'),
(195, 49, 'Available'),
(196, 49, 'Booked'),
(197, 50, 'Available'),
(198, 50, 'Booked'),
(199, 50, 'Available'),
(200, 50, 'Booked');



-- Insert Bookings
INSERT INTO Bookings (UserID, ScheduleID, BookingDate, TotalAmount, Status) VALUES
(1, 1, '2024-03-26 10:00:00', 500.00, 'Confirmed'),
(2, 2, '2024-03-26 11:00:00', 450.00, 'Confirmed'),
(3, 3, '2024-03-26 12:00:00', 400.00, 'Confirmed'),
(4, 4, '2024-03-26 13:00:00', 350.00, 'Confirmed'),
(5, 5, '2024-03-26 14:00:00', 300.00, 'Confirmed'),
(6, 6, '2024-03-26 15:00:00', 250.00, 'Confirmed'),
(7, 7, '2024-03-26 16:00:00', 200.00, 'Confirmed'),
(8, 8, '2024-03-26 17:00:00', 150.00, 'Confirmed'),
(9, 9, '2024-03-26 18:00:00', 100.00, 'Confirmed'),
(10, 10, '2024-03-26 19:00:00', 90.00, 'Confirmed'),
(11, 11, '2024-03-26 20:00:00', 80.00, 'Confirmed'),
(12, 12, '2024-03-26 21:00:00', 70.00, 'Confirmed'),
(13, 13, '2024-03-26 22:00:00', 60.00, 'Confirmed'),
(14, 14, '2024-03-26 23:00:00', 50.00, 'Confirmed'),
(15, 15, '2024-03-27 00:00:00', 40.00, 'Confirmed'),
(16, 16, '2024-03-27 01:00:00', 30.00, 'Confirmed'),
(17, 17, '2024-03-27 02:00:00', 20.00, 'Confirmed'),
(18, 18, '2024-03-27 03:00:00', 15.00, 'Confirmed'),
(19, 19, '2024-03-27 04:00:00', 10.00, 'Confirmed'),
(20, 20, '2024-03-27 05:00:00', 5.00, 'Confirmed'),
(21, 21, '2024-03-27 06:00:00', 4.00, 'Confirmed'),
(22, 22, '2024-03-27 07:00:00', 3.00, 'Confirmed'),
(23, 23, '2024-03-27 08:00:00', 2.00, 'Confirmed'),
(24, 24, '2024-03-27 09:00:00', 1.00, 'Confirmed'),
(25, 25, '2024-03-27 10:00:00', 2.00, 'Confirmed'),
(26, 26, '2024-03-27 11:00:00', 3.00, 'Confirmed'),
(27, 27, '2024-03-27 12:00:00', 4.00, 'Confirmed'),
(28, 28, '2024-03-27 13:00:00', 5.00, 'Confirmed'),
(29, 29, '2024-03-27 14:00:00', 10.00, 'Confirmed'),
(30, 30, '2024-03-27 15:00:00', 15.00, 'Confirmed'),
(31, 31, '2024-03-27 16:00:00', 20.00, 'Confirmed'),
(32, 32, '2024-03-27 17:00:00', 25.00, 'Confirmed'),
(33, 33, '2024-03-27 18:00:00', 30.00, 'Confirmed'),
(34, 34, '2024-03-27 19:00:00', 35.00, 'Confirmed'),
(35, 35, '2024-03-27 20:00:00', 40.00, 'Confirmed'),
(36, 36, '2024-03-27 21:00:00', 45.00, 'Confirmed'),
(37, 37, '2024-03-27 22:00:00', 50.00, 'Confirmed'),
(38, 38, '2024-03-27 23:00:00', 55.00, 'Confirmed'),
(39, 39, '2024-03-28 00:00:00', 60.00, 'Confirmed'),
(40, 40, '2024-03-28 01:00:00', 65.00, 'Confirmed'),
(41, 41, '2024-03-28 02:00:00', 70.00, 'Confirmed'),
(42, 42, '2024-03-28 03:00:00', 75.00, 'Confirmed'),
(43, 43, '2024-03-28 04:00:00', 80.00, 'Confirmed'),
(44, 44, '2024-03-28 05:00:00', 85.00, 'Confirmed'),
(45, 45, '2024-03-28 06:00:00', 90.00, 'Confirmed'),
(46, 46, '2024-03-28 07:00:00', 95.00, 'Confirmed'),
(47, 47, '2024-03-28 08:00:00', 100.00, 'Confirmed'),
(48, 48, '2024-03-28 09:00:00', 105.00, 'Confirmed'),
(49, 49, '2024-03-28 10:00:00', 110.00, 'Confirmed'),
(50, 50, '2024-03-28 11:00:00', 115.00, 'Confirmed');

-- Insert Passengers
INSERT INTO Passengers (BookingID, Name, Age, Gender, SeatID) VALUES
(1, 'John Doe', 30, 'Male', 2),
(2, 'Jane Smith', 25, 'Female', 6),
(3, 'Bob Johnson', 35, 'Male', 10),
(4, 'Alice Brown', 28, 'Female', 14),
(5, 'Charlie Wilson', 40, 'Male', 18),
(6, 'Diana Miller', 32, 'Female', 22),
(7, 'Edward Davis', 45, 'Male', 26),
(8, 'Fiona Garcia', 27, 'Female', 30),
(9, 'George Martinez', 38, 'Male', 34),
(10, 'Hannah Lee', 29, 'Female', 38),
(11, 'Ian Taylor', 42, 'Male', 42),
(12, 'Julia Anderson', 31, 'Female', 46),
(13, 'Kevin Thomas', 36, 'Male', 50),
(14, 'Laura Jackson', 33, 'Female', 54),
(15, 'Mike White', 39, 'Male', 58),
(16, 'Nancy Harris', 26, 'Female', 62),
(17, 'Oscar Clark', 44, 'Male', 66),
(18, 'Patricia Lewis', 34, 'Female', 70),
(19, 'Quinn Walker', 37, 'Male', 74),
(20, 'Rachel Hall', 28, 'Female', 78),
(21, 'Sam Young', 41, 'Male', 82),
(22, 'Tina Allen', 30, 'Female', 86),
(23, 'Ulysses King', 43, 'Male', 90),
(24, 'Vera Wright', 32, 'Female', 94),
(25, 'Walter Scott', 38, 'Male', 98),
(26, 'Xena Green', 29, 'Female', 102),
(27, 'Yvonne Baker', 40, 'Male', 106),
(28, 'Zack Adams', 35, 'Female', 110),
(29, 'Amy Nelson', 39, 'Male', 114),
(30, 'Ben Carter', 31, 'Female', 118),
(31, 'Cathy Mitchell', 42, 'Male', 122),
(32, 'Dave Perez', 33, 'Female', 126),
(33, 'Eva Roberts', 37, 'Male', 130),
(34, 'Frank Turner', 28, 'Female', 134),
(35, 'Gina Phillips', 41, 'Male', 138),
(36, 'Henry Campbell', 34, 'Female', 142),
(37, 'Iris Parker', 38, 'Male', 146),
(38, 'Jack Evans', 30, 'Female', 150),
(39, 'Kelly Edwards', 43, 'Male', 154),
(40, 'Larry Collins', 35, 'Female', 158),
(41, 'Mona Stewart', 39, 'Male', 162),
(42, 'Neil Morris', 31, 'Female', 166),
(43, 'Olive Rogers', 42, 'Male', 170),
(44, 'Peter Cook', 33, 'Female', 174),
(45, 'Quincy Morgan', 37, 'Male', 178),
(46, 'Rita Bell', 28, 'Female', 182),
(47, 'Steve Murphy', 41, 'Male', 186),
(48, 'Tracy Bailey', 34, 'Female', 190),
(49, 'Ursula Reed', 38, 'Male', 194),
(50, 'Vera Wright', 30, 'Female', 198);
use bus;
select * from passengers;

-- Insert Payments
INSERT INTO Payments (BookingID, Amount, PaymentDate, PaymentMethod, Status) VALUES
(1, 500.00, '2024-03-26 10:01:00', 'Credit Card', 'Success'),
(2, 450.00, '2024-03-26 11:01:00', 'Debit Card', 'Success'),
(3, 400.00, '2024-03-26 12:01:00', 'UPI', 'Success'),
(4, 350.00, '2024-03-26 13:01:00', 'Net Banking', 'Success'),
(5, 300.00, '2024-03-26 14:01:00', 'Credit Card', 'Success'),
(6, 250.00, '2024-03-26 15:01:00', 'Debit Card', 'Success'),
(7, 200.00, '2024-03-26 16:01:00', 'UPI', 'Success'),
(8, 150.00, '2024-03-26 17:01:00', 'Net Banking', 'Success'),
(9, 100.00, '2024-03-26 18:01:00', 'Credit Card', 'Success'),
(10, 90.00, '2024-03-26 19:01:00', 'Debit Card', 'Success'),
(11, 80.00, '2024-03-26 20:01:00', 'UPI', 'Success'),
(12, 70.00, '2024-03-26 21:01:00', 'Net Banking', 'Success'),
(13, 60.00, '2024-03-26 22:01:00', 'Credit Card', 'Success'),
(14, 50.00, '2024-03-26 23:01:00', 'Debit Card', 'Success'),
(15, 40.00, '2024-03-27 00:01:00', 'UPI', 'Success'),
(16, 30.00, '2024-03-27 01:01:00', 'Net Banking', 'Success'),
(17, 20.00, '2024-03-27 02:01:00', 'Credit Card', 'Success'),
(18, 15.00, '2024-03-27 03:01:00', 'Debit Card', 'Success'),
(19, 10.00, '2024-03-27 04:01:00', 'UPI', 'Success'),
(20, 5.00, '2024-03-27 05:01:00', 'Net Banking', 'Success'),
(21, 4.00, '2024-03-27 06:01:00', 'Credit Card', 'Success'),
(22, 3.00, '2024-03-27 07:01:00', 'Debit Card', 'Success'),
(23, 2.00, '2024-03-27 08:01:00', 'UPI', 'Success'),
(24, 1.00, '2024-03-27 09:01:00', 'Net Banking', 'Success'),
(25, 2.00, '2024-03-27 10:01:00', 'Credit Card', 'Success'),
(26, 3.00, '2024-03-27 11:01:00', 'Debit Card', 'Success'),
(27, 4.00, '2024-03-27 12:01:00', 'UPI', 'Success'),
(28, 5.00, '2024-03-27 13:01:00', 'Net Banking', 'Success'),
(29, 10.00, '2024-03-27 14:01:00', 'Credit Card', 'Success'),
(30, 15.00, '2024-03-27 15:01:00', 'Debit Card', 'Success'),
(31, 20.00, '2024-03-27 16:01:00', 'UPI', 'Success'),
(32, 25.00, '2024-03-27 17:01:00', 'Net Banking', 'Success'),
(33, 30.00, '2024-03-27 18:01:00', 'Credit Card', 'Success'),
(34, 35.00, '2024-03-27 19:01:00', 'Debit Card', 'Success'),
(35, 40.00, '2024-03-27 20:01:00', 'UPI', 'Success'),
(36, 45.00, '2024-03-27 21:01:00', 'Net Banking', 'Success'),
(37, 50.00, '2024-03-27 22:01:00', 'Credit Card', 'Success'),
(38, 55.00, '2024-03-27 23:01:00', 'Debit Card', 'Success'),
(39, 60.00, '2024-03-28 00:01:00', 'UPI', 'Success'),
(40, 65.00, '2024-03-28 01:01:00', 'Net Banking', 'Success'),
(41, 70.00, '2024-03-28 02:01:00', 'Credit Card', 'Success'),
(42, 75.00, '2024-03-28 03:01:00', 'Debit Card', 'Success'),
(43, 80.00, '2024-03-28 04:01:00', 'UPI', 'Success'),
(44, 85.00, '2024-03-28 05:01:00', 'Net Banking', 'Success'),
(45, 90.00, '2024-03-28 06:01:00', 'Credit Card', 'Success'),
(46, 95.00, '2024-03-28 07:01:00', 'Debit Card', 'Success'),
(47, 100.00, '2024-03-28 08:01:00', 'UPI', 'Success'),
(48, 105.00, '2024-03-28 09:01:00', 'Net Banking', 'Success'),
(49, 110.00, '2024-03-28 10:01:00', 'Credit Card', 'Success'),
(50, 115.00, '2024-03-28 11:01:00', 'Debit Card', 'Success');

use bus;

-- Insert Seats (for each bus)
INSERT INTO Seats (BusID, SeatNumber, SeatType)
SELECT 
    b.BusID,
    s.number as SeatNumber,
    CASE 
        WHEN s.number <= 2 THEN 'Premium'
        WHEN s.number <= 10 THEN 'Business'
        ELSE 'Economy'
    END as SeatType
FROM Buses b
CROSS JOIN (
    SELECT a.N + b.N * 10 + 1 as number
    FROM (SELECT 0 as N UNION SELECT 1 UNION SELECT 2 UNION SELECT 3 UNION SELECT 4 UNION SELECT 5 UNION SELECT 6 UNION SELECT 7 UNION SELECT 8 UNION SELECT 9) a
    CROSS JOIN (SELECT 0 as N UNION SELECT 1 UNION SELECT 2 UNION SELECT 3 UNION SELECT 4) b
    ORDER BY number
) s
WHERE s.number <= (SELECT Capacity FROM BusTypes WHERE BusTypeID = b.BusTypeID);

-- Insert Schedules
INSERT INTO Schedules (BusID, RouteID, DepartureTime, ArrivalTime)
SELECT 
    b.BusID,
    r.RouteID,
    ADDTIME('06:00:00', SEC_TO_TIME(FLOOR(RAND() * 43200) SECOND)) as DepartureTime,
    ADDTIME('06:00:00', SEC_TO_TIME(FLOOR(RAND() * 43200 + 43200) SECOND)) as ArrivalTime
FROM Buses b
CROSS JOIN Routes r
WHERE b.BusID <= 10
LIMIT 50;

-- Insert Pricing
INSERT INTO Pricing (RouteID, BusTypeID, BasePrice)
SELECT 
    r.RouteID,
    bt.BusTypeID,
    ROUND(r.Distance * (CASE 
        WHEN bt.TypeName LIKE '%Premium%' THEN 3.5
        WHEN bt.TypeName LIKE '%Deluxe%' THEN 3.0
        WHEN bt.TypeName LIKE '%AC%' THEN 2.5
        ELSE 2.0
    END), 2) as BasePrice
FROM Routes r
CROSS JOIN BusTypes bt
WHERE bt.BusTypeID <= 10;

-- Insert SeatStatus for each schedule
INSERT INTO SeatStatus (SeatID, ScheduleID, Status)
SELECT 
    s.SeatID,
    sch.ScheduleID,
    'Available' as Status
FROM Seats s
CROSS JOIN Schedules sch
WHERE sch.BusID = s.BusID;
use bus;

-- Sample routes for next week
-- Morning routes (6:00 AM - 11:00 AM)
INSERT INTO Schedules (BusID, RouteID, DepartureTime, ArrivalTime) VALUES
(1, 1, '06:00:00', '10:00:00'), -- Chennai to Bangalore
(2, 2, '07:30:00', '11:30:00'), -- Mumbai to Pune
(3, 3, '08:00:00', '12:00:00'), -- Delhi to Jaipur
(4, 4, '09:00:00', '13:00:00'), -- Hyderabad to Vijayawada
(5, 5, '10:00:00', '14:00:00'); -- Kolkata to Durgapur

-- Afternoon routes (12:00 PM - 4:00 PM)
INSERT INTO Schedules (BusID, RouteID, DepartureTime, ArrivalTime) VALUES
(1, 1, '12:00:00', '16:00:00'), -- Chennai to Bangalore
(2, 2, '13:30:00', '17:30:00'), -- Mumbai to Pune
(3, 3, '14:00:00', '18:00:00'), -- Delhi to Jaipur
(4, 4, '15:00:00', '19:00:00'), -- Hyderabad to Vijayawada
(5, 5, '16:00:00', '20:00:00'); -- Kolkata to Durgapur

-- Evening routes (5:00 PM - 9:00 PM)
INSERT INTO Schedules (BusID, RouteID, DepartureTime, ArrivalTime) VALUES
(1, 1, '17:00:00', '21:00:00'), -- Chennai to Bangalore
(2, 2, '18:30:00', '22:30:00'), -- Mumbai to Pune
(3, 3, '19:00:00', '23:00:00'), -- Delhi to Jaipur
(4, 4, '20:00:00', '00:00:00'), -- Hyderabad to Vijayawada
(5, 5, '21:00:00', '01:00:00'); -- Kolkata to Durgapur

-- Weekend routes (Friday and Saturday)
INSERT INTO Schedules (BusID, RouteID, DepartureTime, ArrivalTime) VALUES
(1, 1, '08:00:00', '12:00:00'), -- Friday morning
(2, 2, '14:00:00', '18:00:00'), -- Friday afternoon
(3, 3, '20:00:00', '00:00:00'), -- Friday night
(4, 4, '09:00:00', '13:00:00'), -- Saturday morning
(5, 5, '15:00:00', '19:00:00'); -- Saturday afternoon

-- Sunday routes
INSERT INTO Schedules (BusID, RouteID, DepartureTime, ArrivalTime) VALUES
(1, 1, '07:00:00', '11:00:00'), -- Sunday morning
(2, 2, '13:00:00', '17:00:00'), -- Sunday afternoon
(3, 3, '19:00:00', '23:00:00'); -- Sunday evening
use bus
-- Insert bus schedules for next week (Chennai to Coimbatore and vice versa)
INSERT INTO Schedules (BusID, RouteID, DepartureTime, ArrivalTime, AvailableSeats)
VALUES 
-- Chennai to Coimbatore
(1, 1, '2024-01-22 06:00:00', '2024-01-22 12:00:00', 36),
(2, 1, '2024-01-22 14:00:00', '2024-01-22 20:00:00', 36),
(1, 1, '2024-01-23 06:00:00', '2024-01-23 12:00:00', 36),
(2, 1, '2024-01-23 14:00:00', '2024-01-23 20:00:00', 36),
(1, 1, '2024-01-24 06:00:00', '2024-01-24 12:00:00', 36),
(2, 1, '2024-01-24 14:00:00', '2024-01-24 20:00:00', 36),
(1, 1, '2024-01-25 06:00:00', '2024-01-25 12:00:00', 36),
(2, 1, '2024-01-25 14:00:00', '2024-01-25 20:00:00', 36),

-- Coimbatore to Chennai
(3, 2, '2024-01-22 07:00:00', '2024-01-22 13:00:00', 36),
(4, 2, '2024-01-22 15:00:00', '2024-01-22 21:00:00', 36),
(3, 2, '2024-01-23 07:00:00', '2024-01-23 13:00:00', 36),
(4, 2, '2024-01-23 15:00:00', '2024-01-23 21:00:00', 36),
(3, 2, '2024-01-24 07:00:00', '2024-01-24 13:00:00', 36),
(4, 2, '2024-01-24 15:00:00', '2024-01-24 21:00:00', 36),
(3, 2, '2024-01-25 07:00:00', '2024-01-25 13:00:00', 36),
(4, 2, '2024-01-25 15:00:00', '2024-01-25 21:00:00', 36);

INSERT INTO BusStatus (BusID, Status, LastUpdated) VALUES
(1, 'On Time', '2025-05-07 07:30:00'),
(2, 'Delayed', '2025-05-07 07:45:00'),
(3, 'Cancelled', '2025-05-07 08:00:00'),
(4, 'On Time', '2025-05-07 08:15:00'),
(5, 'Delayed', '2025-05-07 08:30:00'),
(6, 'On Time', '2025-05-07 08:45:00'),
(7, 'On Time', '2025-05-07 09:00:00'),
(8, 'Delayed', '2025-05-07 09:15:00'),
(9, 'On Time', '2025-05-07 09:30:00'),
(10, 'Cancelled', '2025-05-07 09:45:00');

INSERT INTO BusStops (StopID, RouteID, CityID, StopOrder, ArrivalTime, DepartureTime) VALUES
(1, 101, 1, 1, '08:00:00', '08:05:00'),
(2, 101, 2, 2, '08:15:00', '08:20:00'),
(3, 101, 3, 3, '08:30:00', '08:35:00'),
(4, 102, 1, 1, '09:00:00', '09:05:00'),
(5, 102, 4, 2, '09:10:00', '09:15:00'),
(6, 103, 2, 1, '10:00:00', '10:05:00'),
(7, 103, 5, 2, '10:30:00', '10:35:00'),
(8, 104, 3, 1, '11:00:00', '11:05:00'),
(9, 104, 6, 2, '11:20:00', '11:25:00'),
(10, 105, 4, 1, '12:00:00', '12:05:00');


ALTER TABLE BusStatus MODIFY Status VARCHAR(20);


select * from busstatus;

-- Initialize seat status for each schedule
INSERT INTO SeatStatus (ScheduleID, SeatNumber, Status)
SELECT 
    s.ScheduleID,
    n.SeatNumber,
    'Available' as Status
FROM Schedules s
CROSS JOIN (
    SELECT 1 as SeatNumber UNION SELECT 2 UNION SELECT 3 UNION SELECT 4
    UNION SELECT 5 UNION SELECT 6 UNION SELECT 7 UNION SELECT 8
    UNION SELECT 9 UNION SELECT 10 UNION SELECT 11 UNION SELECT 12
    UNION SELECT 13 UNION SELECT 14 UNION SELECT 15 UNION SELECT 16
    UNION SELECT 17 UNION SELECT 18 UNION SELECT 19 UNION SELECT 20
    UNION SELECT 21 UNION SELECT 22 UNION SELECT 23 UNION SELECT 24
    UNION SELECT 25 UNION SELECT 26 UNION SELECT 27 UNION SELECT 28
    UNION SELECT 29 UNION SELECT 30 UNION SELECT 31 UNION SELECT 32
    UNION SELECT 33 UNION SELECT 34 UNION SELECT 35 UNION SELECT 36
) n;

INSERT INTO Schedules (BusID, RouteID, DepartureTime, ArrivalTime, AvailableSeats) VALUES
(1, 1, '2025-05-05 06:00:00', '2025-01-05 14:00:00', 36),
(2, 1, '2025-05-06 20:00:00', '2025-01-06 04:00:00', 36),
(1, 2, '2025-05-06 06:00:00', '2025-01-06 14:00:00', 36),
(2, 2, '2025-05-06 20:00:00', '2025-01-06 04:00:00', 36);

INSERT INTO BusTypes (TypeName, Capacity) VALUES 
('AC Sleeper', 36),
('Non-AC Seater', 40);

INSERT INTO Cities (CityName, State, Country) VALUES 
('Chennai', 'Tamil Nadu', 'India'),
('Coimbatore', 'Tamil Nadu', 'India');

INSERT INTO Routes (SourceCityID, DestinationCityID, Distance, EstimatedTime) VALUES 
(1, 2, 500, '08:00:00'),  -- Chennai to Coimbatore
(2, 1, 500, '08:00:00');  -- Coimbatore to Chennai

INSERT INTO Users (Name, Email, PhoneNumber, Password, Role) VALUES
('Bus Operator 1', 'operator1@busgo.com', '9876543210', 'hashedpassword', 'BusOperator');

INSERT INTO Buses (BusNumber, BusTypeID, OperatorID) VALUES
('TN01X1234', 1, 1),
('TN01X5678', 1, 1);

INSERT INTO Pricing (RouteID, BusTypeID, BasePrice) VALUES
(1, 1, 800),  -- Chennai to Coimbatore AC Sleeper
(2, 1, 800);  -- Coimbatore to Chennai AC Sleeper

INSERT INTO Seats (BusID, SeatNumber)
SELECT b.BusID, s.seat_num
FROM Buses b
CROSS JOIN (
    SELECT 1 as seat_num UNION SELECT 2 UNION SELECT 3 UNION SELECT 4
    UNION SELECT 5 UNION SELECT 6 UNION SELECT 7 UNION SELECT 8
    UNION SELECT 9 UNION SELECT 10 UNION SELECT 11 UNION SELECT 12
    UNION SELECT 13 UNION SELECT 14 UNION SELECT 15 UNION SELECT 16
    UNION SELECT 17 UNION SELECT 18 UNION SELECT 19 UNION SELECT 20
    UNION SELECT 21 UNION SELECT 22 UNION SELECT 23 UNION SELECT 24
    UNION SELECT 25 UNION SELECT 26 UNION SELECT 27 UNION SELECT 28
    UNION SELECT 29 UNION SELECT 30 UNION SELECT 31 UNION SELECT 32
    UNION SELECT 33 UNION SELECT 34 UNION SELECT 35 UNION SELECT 36
) s;

SELECT 
    b.BusNumber, 
    bt.TypeName, 
    s.DepartureTime, 
    s.ArrivalTime, 
    r.Distance, 
    p.BasePrice,
    COUNT(ss.SeatID) as AvailableSeats
FROM Schedules s
JOIN Buses b ON s.BusID = b.BusID
JOIN BusTypes bt ON b.BusTypeID = bt.BusTypeID
JOIN Routes r ON s.RouteID = r.RouteID
JOIN Cities c1 ON r.SourceCityID = c1.CityID
JOIN Cities c2 ON r.DestinationCityID = c2.CityID
JOIN Pricing p ON r.RouteID = p.RouteID AND bt.BusTypeID = p.BusTypeID
LEFT JOIN SeatStatus ss ON s.ScheduleID = ss.ScheduleID AND ss.Status = 'Available'
WHERE c1.CityName = 'Chennai' 
AND c2.CityName = 'Coimbatore'
AND DATE(s.DepartureTime) = '2024-01-22'
GROUP BY s.ScheduleID, b.BusNumber, bt.TypeName, s.DepartureTime, s.ArrivalTime, r.Distance, p.BasePrice;

ALTER TABLE Bookings MODIFY COLUMN UserID INT NULL;

select * from routes;